{"btc_price": 65604.0, "eth_price": 1923.1199951171875, "btc_change_24h": -0.751574713901662, "eth_change_24h": -0.5363418784251758, "total_volume": 59296632438.003204, "total_mcap": 2323682044307.651, "btc_dominance": 56.66807650941582, "eth_dominance": 9.997387065140877, "active_cryptos": 17777, "mcap_change_24h": -0.26130189607567456}