{"total_mcap": 2344012016333.395, "total_volume": 72781138834.87473, "btc_dominance": 56.74760740858418, "eth_dominance": 9.995004511152526, "mcap_change_24h": 2.6652635282736514, "active_cryptos": 17688, "btc_price": 66339.0, "btc_change_24h": 1.7000953416835507, "eth_price": 1940.77001953125, "eth_change_24h": 1.944106902507651}