{"total_mcap": 2336441163429.503, "total_volume": 66953304104.990486, "btc_dominance": 56.693826146453866, "eth_dominance": 10.015259040286487, "mcap_change_24h": -0.004908621710656444, "active_cryptos": 17738, "btc_price": 66030.421875, "btc_change_24h": -0.7137842760238403, "eth_price": 1938.0, "eth_change_24h": 0.4986668624804714}