{"total_mcap": 2233214670044.969, "total_volume": 58225543695.73714, "btc_dominance": 55.95368364162382, "eth_dominance": 9.556176257727381, "mcap_change_24h": -2.4342650758756035, "active_cryptos": 17530, "btc_price": 63995.73828125, "btc_change_24h": 0.37253162950070656, "eth_price": 1810.43994140625, "eth_change_24h": 0.257608049636396}