{"total_mcap": 2323743704352.76, "total_volume": 72848892240.52455, "btc_dominance": 56.310892309688086, "eth_dominance": 10.014342850753167, "mcap_change_24h": 0.8450545927004036, "active_cryptos": 17577}