{"total_mcap": 2253768098787.0107, "total_volume": 52460904127.64257, "btc_dominance": 56.11439425916238, "eth_dominance": 9.542780439481376, "mcap_change_24h": -1.2029604650100403, "active_cryptos": 17528, "btc_price": 63995.73828125, "btc_change_24h": 0.37253162950070656, "eth_price": 1810.43994140625, "eth_change_24h": 0.257608049636396}