{"total_mcap": 2314577406509.6675, "total_volume": 69638386143.39737, "btc_dominance": 56.29333254308981, "eth_dominance": 10.020075558192405, "mcap_change_24h": 0.6240067882623, "active_cryptos": 17577}