{"total_mcap": 2208894160860.6865, "total_volume": 75430751112.31221, "btc_dominance": 55.87723854552294, "eth_dominance": 9.382651481929937, "mcap_change_24h": -3.442562942499582, "active_cryptos": 17328}