{"total_mcap": 2255632479246.4673, "total_volume": 52475933339.385216, "btc_dominance": 56.098252224282575, "eth_dominance": 9.561819111649259, "mcap_change_24h": -0.99071786227353, "active_cryptos": 17529, "btc_price": 63758.21875, "btc_change_24h": -0.06866332556169386, "eth_price": 1805.7880859375, "eth_change_24h": 0.9892332882217176}