{"total_mcap": 2314845003249.4224, "total_volume": 69626997777.06226, "btc_dominance": 56.3214825334558, "eth_dominance": 9.990978565395393, "mcap_change_24h": 0.5216254032002652, "active_cryptos": 17577}