{"total_mcap": 2310497922837.261, "total_volume": 70201039019.70361, "btc_dominance": 56.317003760376636, "eth_dominance": 9.976886494736608, "mcap_change_24h": 0.33285441068221727, "active_cryptos": 17577}