{"total_mcap": 2285571125078.786, "total_volume": 40158641453.49598, "btc_dominance": 56.48898391440931, "eth_dominance": 9.812385044323456, "mcap_change_24h": -0.10384523319122568, "active_cryptos": 17660, "btc_price": 64328.37109375, "btc_change_24h": -0.7226157814748435, "eth_price": 1857.93994140625, "eth_change_24h": -0.18546057310202613}