{"total_mcap": 2210728607625.658, "total_volume": 75802683343.24025, "btc_dominance": 55.8965062335237, "eth_dominance": 9.38478224033096, "mcap_change_24h": -3.3623737323587486, "active_cryptos": 17328}