{"total_mcap": 2253157055116.314, "total_volume": 52426147493.28407, "btc_dominance": 56.08006335825452, "eth_dominance": 9.5567047755383, "mcap_change_24h": -1.1222871972035213, "active_cryptos": 17529}