{"total_mcap": 2246376195954.262, "total_volume": 62545156323.08896, "btc_dominance": 56.07410994139994, "eth_dominance": 9.655868498412913, "mcap_change_24h": -0.08563213438938504, "active_cryptos": 17563, "btc_price": 62239.12109375, "btc_change_24h": -2.382591116929533, "eth_price": 1773.500732421875, "eth_change_24h": -1.7879923877591968}