{"total_mcap": 2314309512161.061, "total_volume": 69941836074.86145, "btc_dominance": 56.323732298160444, "eth_dominance": 10.004097615273484, "mcap_change_24h": 0.6123603414090418, "active_cryptos": 17577}