{"total_mcap": 2238863247982.5405, "total_volume": 61174267131.48083, "btc_dominance": 56.112613381172295, "eth_dominance": 9.37896237575897, "mcap_change_24h": 0.721544275943514, "active_cryptos": 13718}