{"btc_price": 65739, "eth_price": 1928.58, "btc_change_24h": -0.4192096456048018, "eth_change_24h": -0.06890245017494856, "total_volume": 58884587563.33418, "total_mcap": 2327116725345.279, "btc_dominance": 56.680470871189556, "eth_dominance": 10.002252994116812, "active_cryptos": 17777, "mcap_change_24h": -0.26135093866418146}