{"total_mcap": 2339423227002.4116, "total_volume": 73369731722.97903, "btc_dominance": 56.73514964271272, "eth_dominance": 9.969319588981103, "mcap_change_24h": 2.4642793768877165, "active_cryptos": 17688, "btc_price": 66156.34375, "btc_change_24h": 1.420076679361924, "eth_price": 1932.1199951171875, "eth_change_24h": 1.4897413647560565}