{"total_mcap": 2208798024878.6836, "total_volume": 75629807309.78188, "btc_dominance": 55.87182366702203, "eth_dominance": 9.384722454691012, "mcap_change_24h": -3.44676533670918, "active_cryptos": 17328}