{"total_mcap": 2298828710469.224, "total_volume": 63491795868.34539, "btc_dominance": 56.695020183139846, "eth_dominance": 9.890478859012456, "mcap_change_24h": -1.1503216046773888, "active_cryptos": 17790}