{"total_mcap": 2309367208926.512, "total_volume": 59711451136.021, "btc_dominance": 56.62114886135241, "eth_dominance": 9.94470024040394, "mcap_change_24h": -0.5723406436321489, "active_cryptos": 17777}