{"total_mcap": 2278483860234.9033, "total_volume": 48409797781.909485, "btc_dominance": 56.2763894096451, "eth_dominance": 9.549673024506246, "mcap_change_24h": -0.20395941116524227, "active_cryptos": 17513}