{"total_mcap": 2293994924722.6167, "total_volume": 41864413096.051315, "btc_dominance": 56.22525354692202, "eth_dominance": 9.593866042056225, "mcap_change_24h": 0.666371881491502, "active_cryptos": 17505}