{"total_mcap": 2276318612728.996, "total_volume": 49967640966.19586, "btc_dominance": 56.25730593682721, "eth_dominance": 9.538999438554319, "mcap_change_24h": -0.39085699750555797, "active_cryptos": 17523}