{"total_mcap": 2282445695429.2725, "total_volume": 49892157514.721306, "btc_dominance": 56.250054900031046, "eth_dominance": 9.53995758323917, "mcap_change_24h": -0.13976900685679394, "active_cryptos": 17528}