{"total_mcap": 2297093909388.314, "total_volume": 63730467243.60635, "btc_dominance": 56.67644288959717, "eth_dominance": 9.885359859687428, "mcap_change_24h": -1.2249180842440672, "active_cryptos": 17790}