{"total_mcap": 2292280909889.326, "total_volume": 43835507210.61292, "btc_dominance": 56.207919571122055, "eth_dominance": 9.597275806977965, "mcap_change_24h": 0.6893590588170642, "active_cryptos": 17505}