{"total_mcap": 2294143918375.127, "total_volume": 42191892782.828384, "btc_dominance": 56.218618810622104, "eth_dominance": 9.59769008518853, "mcap_change_24h": 0.842382782655577, "active_cryptos": 17505}