{"total_mcap": 2290250514706.8457, "total_volume": 41743357041.5726, "btc_dominance": 56.2438194799474, "eth_dominance": 9.56193516636451, "mcap_change_24h": 0.3564199884956673, "active_cryptos": 17505}