{"total_mcap": 2281316552237.5576, "total_volume": 49986804728.44852, "btc_dominance": 56.245763459355324, "eth_dominance": 9.544104898466097, "mcap_change_24h": -0.1721527842894535, "active_cryptos": 17526}