{"total_mcap": 2281756948495.04, "total_volume": 50046601069.272514, "btc_dominance": 56.23165431450764, "eth_dominance": 9.542976048353157, "mcap_change_24h": -0.1699026604573854, "active_cryptos": 17528}