{"total_mcap": 2278720415681.632, "total_volume": 48242743095.04965, "btc_dominance": 56.27876160527302, "eth_dominance": 9.554014558689683, "mcap_change_24h": -0.19359844378018323, "active_cryptos": 17513}