{"total_mcap": 2287876902935.7563, "total_volume": 41764810768.85986, "btc_dominance": 56.23744199260228, "eth_dominance": 9.561100633842706, "mcap_change_24h": 0.2122710082301959, "active_cryptos": 17505}