{"total_mcap": 2296008568694.616, "total_volume": 41985305541.81078, "btc_dominance": 56.222179747852906, "eth_dominance": 9.603520577623053, "mcap_change_24h": 0.7547357356298393, "active_cryptos": 17505}