{"total_mcap": 2292161740633.264, "total_volume": 44484748575.58369, "btc_dominance": 56.22941456451957, "eth_dominance": 9.596374700774204, "mcap_change_24h": 0.9176639469065405, "active_cryptos": 17504}