{"total_mcap": 2282118374109.8247, "total_volume": 62082634777.03457, "btc_dominance": 56.64509388646799, "eth_dominance": 9.85412686759698, "mcap_change_24h": -0.8172388078344544, "active_cryptos": 17790}