{"btc_price": 65761.0078125, "eth_price": 1929.5999755859375, "btc_change_24h": -0.5140468474874191, "eth_change_24h": -0.20119765257620184, "total_volume": 58884587563.33418, "total_mcap": 2327116725345.279, "btc_dominance": 56.680470871189556, "eth_dominance": 10.002252994116812, "active_cryptos": 17777, "mcap_change_24h": -0.26135093866418146}