{"total_mcap": 2287876902935.7563, "total_volume": 41764810768.85986, "btc_dominance": 56.23744199260228, "eth_dominance": 9.561100633842706, "mcap_change_24h": 0.2122710082301959, "active_cryptos": 17505, "btc_price": 64190.94921875, "btc_change_24h": 0.0995032573230377, "eth_price": 1814.0999755859375, "eth_change_24h": 1.0250491508715753}