{"total_mcap": 2287116672329.882, "total_volume": 49402099192.5596, "btc_dominance": 56.2437648861149, "eth_dominance": 9.571400576860105, "mcap_change_24h": -0.21502649504908025, "active_cryptos": 17527}