{"total_mcap": 2318030610445.96, "total_volume": 58199213101.055466, "btc_dominance": 56.60065573842572, "eth_dominance": 9.993180627068456, "mcap_change_24h": -0.19934594109477255, "active_cryptos": 17777}