{"total_mcap": 2293994924722.6167, "total_volume": 41864413096.051315, "btc_dominance": 56.22525354692202, "eth_dominance": 9.593866042056225, "mcap_change_24h": 0.666371881491502, "active_cryptos": 17505, "btc_price": 64317.6015625, "btc_change_24h": 0.2970051925654529, "eth_price": 1822.199951171875, "eth_change_24h": 1.476127064273725}