{"total_mcap": 2294161068006.0835, "total_volume": 42322113939.28701, "btc_dominance": 56.21796164241757, "eth_dominance": 9.596270622630735, "mcap_change_24h": 0.8431366192547523, "active_cryptos": 17505}