{"total_mcap": 2292730995302.4653, "total_volume": 44232626961.63191, "btc_dominance": 56.21190044441119, "eth_dominance": 9.594655898727975, "mcap_change_24h": 0.7091292412476621, "active_cryptos": 17505}