{"total_mcap": 2298192661210.0957, "total_volume": 63911738356.5137, "btc_dominance": 56.7235853585763, "eth_dominance": 9.878741292079356, "mcap_change_24h": -0.37428890103014284, "active_cryptos": 17790}