{"total_mcap": 2303514672540.844, "total_volume": 59749125073.2832, "btc_dominance": 56.600348854919325, "eth_dominance": 9.942631823314136, "mcap_change_24h": -1.2794901577804672, "active_cryptos": 17777}