{"total_mcap": 2290638851409.507, "total_volume": 62537137533.64286, "btc_dominance": 56.683642636786416, "eth_dominance": 9.86050100906701, "mcap_change_24h": -0.7017434637358198, "active_cryptos": 17790}