{"total_mcap": 2275497260568.653, "total_volume": 50130168676.10443, "btc_dominance": 56.252835572328486, "eth_dominance": 9.538936980446971, "mcap_change_24h": -0.3715295431580709, "active_cryptos": 17520}