{"total_mcap": 2305393762386.523, "total_volume": 59273049664.799904, "btc_dominance": 56.59796135343076, "eth_dominance": 9.944782057855148, "mcap_change_24h": -1.1989589982371458, "active_cryptos": 17777}