{"total_mcap": 2298543674896.1035, "total_volume": 63772921473.6494, "btc_dominance": 56.699227757643435, "eth_dominance": 9.881547616304966, "mcap_change_24h": -0.9748899295329664, "active_cryptos": 17790}