{"total_mcap": 2293673067841.911, "total_volume": 44446333864.09078, "btc_dominance": 56.221083596807, "eth_dominance": 9.600427726900193, "mcap_change_24h": 0.9842035844252774, "active_cryptos": 17504}