{"total_mcap": 2292594862309.0645, "total_volume": 44600532307.676956, "btc_dominance": 56.22633182821928, "eth_dominance": 9.597332132437684, "mcap_change_24h": 0.8086888078383586, "active_cryptos": 17504}