{"total_mcap": 2306567861338.0977, "total_volume": 60066865773.81351, "btc_dominance": 56.608998771821106, "eth_dominance": 9.961647812038361, "mcap_change_24h": -1.1486412605269054, "active_cryptos": 17777}