{"total_mcap": 2282272379603.4673, "total_volume": 50054660711.72816, "btc_dominance": 56.23582979282142, "eth_dominance": 9.55155693248905, "mcap_change_24h": -0.14735181964148086, "active_cryptos": 17528}