{"total_mcap": 2274536029712.306, "total_volume": 48822346786.77935, "btc_dominance": 56.25357811955526, "eth_dominance": 9.546392464122185, "mcap_change_24h": -0.37687169812360294, "active_cryptos": 17513}