{"total_mcap": 2276373430862.502, "total_volume": 50314004050.78489, "btc_dominance": 56.26707716701321, "eth_dominance": 9.539439594041339, "mcap_change_24h": -0.333168035214931, "active_cryptos": 17519}