{"total_mcap": 2289128740258.7217, "total_volume": 41721664625.1492, "btc_dominance": 56.26726867319304, "eth_dominance": 9.553133972417962, "mcap_change_24h": 0.30726498692471244, "active_cryptos": 17505, "btc_price": 64264.19140625, "btc_change_24h": 0.21371728088024353, "eth_price": 1815.72998046875, "eth_change_24h": 1.1158221653792824}