{"total_mcap": 2281072346216.687, "total_volume": 49868083281.14901, "btc_dominance": 56.241140364934594, "eth_dominance": 9.542270055404613, "mcap_change_24h": -0.19985497949466485, "active_cryptos": 17526}