{"total_mcap": 2277634604710.35, "total_volume": 42808875360.910835, "btc_dominance": 56.30323011222881, "eth_dominance": 9.488949520675408, "mcap_change_24h": -0.23635626021874956, "active_cryptos": 17506, "btc_price": 63854.0, "btc_change_24h": -0.4259360737714165, "eth_price": 1789.510009765625, "eth_change_24h": -0.34433651642768587}