{"total_mcap": 2293994924722.6167, "total_volume": 41864413096.051315, "btc_dominance": 56.22525354692202, "eth_dominance": 9.593866042056225, "mcap_change_24h": 0.666371881491502, "active_cryptos": 17505, "btc_price": 64304.2890625, "btc_change_24h": 0.27624565164369513, "eth_price": 1822.1500244140625, "eth_change_24h": 1.4733467030864524}