{"total_mcap": 2293395791921.9976, "total_volume": 41580772683.65859, "btc_dominance": 56.234768104019174, "eth_dominance": 9.582774348618623, "mcap_change_24h": 0.49424279833987494, "active_cryptos": 17505}