{"total_mcap": 2302198087153.9106, "total_volume": 63429659941.20229, "btc_dominance": 56.69925640926049, "eth_dominance": 9.888362824667851, "mcap_change_24h": -0.8776455485766961, "active_cryptos": 17790}