{"total_mcap": 2293702085831.576, "total_volume": 44371597948.54744, "btc_dominance": 56.21171501449602, "eth_dominance": 9.605813026266215, "mcap_change_24h": 0.985481167798874, "active_cryptos": 17505}