{"total_mcap": 2284012025265.992, "total_volume": 52164568459.32672, "btc_dominance": 56.30693724360919, "eth_dominance": 9.493751643759236, "mcap_change_24h": -0.2386782034239104, "active_cryptos": 17487}