{"total_mcap": 2281080154727.4614, "total_volume": 63103757837.9199, "btc_dominance": 56.58814919873447, "eth_dominance": 9.873872567133796, "mcap_change_24h": -0.8623606850491511, "active_cryptos": 17790}