{"total_mcap": 2276947984229.8276, "total_volume": 50273815796.602844, "btc_dominance": 56.26131784114787, "eth_dominance": 9.538786931053139, "mcap_change_24h": -0.3080122707258483, "active_cryptos": 17520}