{"total_mcap": 2282084067019.3984, "total_volume": 49967742418.369804, "btc_dominance": 56.223830152000545, "eth_dominance": 9.54702379739726, "mcap_change_24h": -0.23862709510263216, "active_cryptos": 17527}