{"total_mcap": 2293395791921.9976, "total_volume": 41580772683.65859, "btc_dominance": 56.234768104019174, "eth_dominance": 9.582774348618623, "mcap_change_24h": 0.49424279833987494, "active_cryptos": 17505, "btc_price": 64312.2890625, "btc_change_24h": 0.2887208687234369, "eth_price": 1821.550048828125, "eth_change_24h": 1.4399347831953881}