{"total_mcap": 2296841104893.721, "total_volume": 63746169078.29944, "btc_dominance": 56.71049927975168, "eth_dominance": 9.873284415028467, "mcap_change_24h": -1.048239495925771, "active_cryptos": 17790}