{"total_mcap": 2283351025039.7983, "total_volume": 49918654356.053276, "btc_dominance": 56.23737565338418, "eth_dominance": 9.550175958231948, "mcap_change_24h": -0.18324198753599638, "active_cryptos": 17528}