{"total_mcap": 2289128740258.7217, "total_volume": 41721664625.1492, "btc_dominance": 56.26726867319304, "eth_dominance": 9.553133972417962, "mcap_change_24h": 0.30726498692471244, "active_cryptos": 17505}