{"total_mcap": 2312540111323.231, "total_volume": 58340787617.819046, "btc_dominance": 56.580241664042916, "eth_dominance": 9.98088978340494, "mcap_change_24h": -0.4357342791472972, "active_cryptos": 17777}