{"total_mcap": 2291292800707.5903, "total_volume": 44222785369.89791, "btc_dominance": 56.21888154459715, "eth_dominance": 9.584434835924087, "mcap_change_24h": 0.6459559663950567, "active_cryptos": 17505, "btc_price": 64226, "btc_change_24h": 0.4549441443256347, "eth_price": 1821.63, "eth_change_24h": 1.5629242168617743}