{"total_mcap": 2288606753064.7334, "total_volume": 49398944881.231186, "btc_dominance": 56.218071277172974, "eth_dominance": 9.599580310422635, "mcap_change_24h": 0.031804059812443476, "active_cryptos": 17528}