{"total_mcap": 2291292800707.5903, "total_volume": 44222785369.89791, "btc_dominance": 56.21888154459715, "eth_dominance": 9.584434835924087, "mcap_change_24h": 0.6459559663950567, "active_cryptos": 17505}