{"total_mcap": 2286607066825.819, "total_volume": 41520048144.01238, "btc_dominance": 56.24075526874994, "eth_dominance": 9.554780799293287, "mcap_change_24h": 0.15665037574697319, "active_cryptos": 17505}