{"total_mcap": 2291323987731.796, "total_volume": 44177386632.11174, "btc_dominance": 56.20864842458011, "eth_dominance": 9.58494656080488, "mcap_change_24h": 0.6473258689513736, "active_cryptos": 17505}