{"total_mcap": 2283233823429.8105, "total_volume": 50061608705.63451, "btc_dominance": 56.22598381164572, "eth_dominance": 9.551701507370867, "mcap_change_24h": -0.18836545940455832, "active_cryptos": 17528}