{"total_mcap": 2293388425464.486, "total_volume": 41557962206.1973, "btc_dominance": 56.23092806990252, "eth_dominance": 9.578663378122245, "mcap_change_24h": 0.4939200077547167, "active_cryptos": 17505, "btc_price": 64235.08984375, "btc_change_24h": 0.1683362421868471, "eth_price": 1813.5, "eth_change_24h": 0.991637230980511}