{"total_mcap": 2294454700140.396, "total_volume": 41949269465.73135, "btc_dominance": 56.22345443964113, "eth_dominance": 9.594280292926022, "mcap_change_24h": 0.68655323957935, "active_cryptos": 17505}