{"total_mcap": 2287387072190.44, "total_volume": 48668374360.810165, "btc_dominance": 56.20835148786831, "eth_dominance": 9.600643680802987, "mcap_change_24h": -0.021506487344421947, "active_cryptos": 17528}