{"total_mcap": 2298851592440.697, "total_volume": 63784355494.84993, "btc_dominance": 56.716428089671986, "eth_dominance": 9.87674053001473, "mcap_change_24h": -0.9616243261515441, "active_cryptos": 17790}