{"total_mcap": 2293870432388.4478, "total_volume": 41768624305.16571, "btc_dominance": 56.221287918598264, "eth_dominance": 9.589963773872771, "mcap_change_24h": 0.515041054988532, "active_cryptos": 17505, "btc_price": 64322.62890625, "btc_change_24h": 0.30484484314241944, "eth_price": 1822.6500244140625, "eth_change_24h": 1.5011911026538582}