{"total_mcap": 2274942241940.486, "total_volume": 42755753920.3106, "btc_dominance": 56.28473684637355, "eth_dominance": 9.492698379472763, "mcap_change_24h": -0.3542855890213039, "active_cryptos": 17506}