{"total_mcap": 2277626148625.9507, "total_volume": 42445097203.83046, "btc_dominance": 56.24097399716968, "eth_dominance": 9.514300924117972, "mcap_change_24h": -0.23672664877438993, "active_cryptos": 17506}