{"total_mcap": 2276753298299.652, "total_volume": 50014566300.23251, "btc_dominance": 56.26219253603048, "eth_dominance": 9.534455003204254, "mcap_change_24h": -0.37183564569370187, "active_cryptos": 17520}