{"total_mcap": 2282826638936.014, "total_volume": 50027397775.46149, "btc_dominance": 56.21544654779878, "eth_dominance": 9.552459985929818, "mcap_change_24h": -0.2061655416687185, "active_cryptos": 17528}