{"total_mcap": 2275154863697.348, "total_volume": 50117498570.59944, "btc_dominance": 56.25096215913506, "eth_dominance": 9.536530775345769, "mcap_change_24h": -0.38652076163521404, "active_cryptos": 17520}