{"total_mcap": 2301218647940.2686, "total_volume": 63224386080.72333, "btc_dominance": 56.69892876022686, "eth_dominance": 9.887512043551153, "mcap_change_24h": -1.0475542478396496, "active_cryptos": 17790}