{"total_mcap": 2280654863243.0435, "total_volume": 49800997961.03899, "btc_dominance": 56.23568029985665, "eth_dominance": 9.547495442877954, "mcap_change_24h": -0.4969497813969659, "active_cryptos": 17527}