{"total_mcap": 2301428466979.979, "total_volume": 60296840419.972015, "btc_dominance": 56.57115114035756, "eth_dominance": 9.96358880391469, "mcap_change_24h": -1.1342385202740346, "active_cryptos": 17777}