{"total_mcap": 2297885281472.416, "total_volume": 64096831332.6811, "btc_dominance": 56.727167786175016, "eth_dominance": 9.877450513342799, "mcap_change_24h": -1.0032546206033781, "active_cryptos": 17790}