{"total_mcap": 2287303742841.2295, "total_volume": 49083023662.41819, "btc_dominance": 56.21485249743282, "eth_dominance": 9.596253691017624, "mcap_change_24h": -0.025148696789772933, "active_cryptos": 17528}