{"total_mcap": 2277726153976.6914, "total_volume": 47972722423.675026, "btc_dominance": 56.27538446293974, "eth_dominance": 9.551750601297034, "mcap_change_24h": -0.3702909842230907, "active_cryptos": 17513}