{"total_mcap": 2276861909102.6655, "total_volume": 49572394710.50369, "btc_dominance": 56.26531388577904, "eth_dominance": 9.54224302541263, "mcap_change_24h": -0.2749997656092023, "active_cryptos": 17516}