{"total_mcap": 2286088076271.994, "total_volume": 41738467909.56159, "btc_dominance": 56.258070590478205, "eth_dominance": 9.55142946060446, "mcap_change_24h": 0.13391784937552142, "active_cryptos": 17506, "btc_price": 63874.91015625, "btc_change_24h": -0.39332873147265796, "eth_price": 1794.4300537109375, "eth_change_24h": -0.07034517742273298}