{"total_mcap": 2278975926001.98, "total_volume": 50071262986.77843, "btc_dominance": 56.27543187380657, "eth_dominance": 9.540970695245228, "mcap_change_24h": -0.18240726584588512, "active_cryptos": 17516}