{"total_mcap": 2281044730302.958, "total_volume": 49821992942.493546, "btc_dominance": 56.229650333886184, "eth_dominance": 9.546197645870413, "mcap_change_24h": -0.4799403680824873, "active_cryptos": 17527}