{"total_mcap": 2305590016445.4097, "total_volume": 60428998004.1522, "btc_dominance": 56.57073986707798, "eth_dominance": 9.958157610795947, "mcap_change_24h": -1.190548241847016, "active_cryptos": 17777}