{"total_mcap": 2298637287383.2295, "total_volume": 63272368057.25458, "btc_dominance": 56.67379930911163, "eth_dominance": 9.883874935553767, "mcap_change_24h": -1.030957663189878, "active_cryptos": 17790}