{"total_mcap": 2279849626671.8354, "total_volume": 50004599809.03374, "btc_dominance": 56.26014334403809, "eth_dominance": 9.544712204919668, "mcap_change_24h": -0.23634379763570945, "active_cryptos": 17526}