{"total_mcap": 2322478169090.397, "total_volume": 58274279535.66126, "btc_dominance": 56.63573095987932, "eth_dominance": 10.002836172192591, "mcap_change_24h": -0.4138886023884239, "active_cryptos": 17777}