{"total_mcap": 2297582244512.427, "total_volume": 63632709824.24528, "btc_dominance": 56.71483182453092, "eth_dominance": 9.874646421100433, "mcap_change_24h": -0.4007502150001556, "active_cryptos": 17790}