{"total_mcap": 2282952306480.9927, "total_volume": 49267660817.100235, "btc_dominance": 56.24116203666895, "eth_dominance": 9.55284354414769, "mcap_change_24h": -0.39671426853424313, "active_cryptos": 17527}