{"total_mcap": 2305928769144.2783, "total_volume": 59929314745.06521, "btc_dominance": 56.621328544263115, "eth_dominance": 9.954422341670455, "mcap_change_24h": -0.940912589554959, "active_cryptos": 17776}