{"total_mcap": 2292590458215.1763, "total_volume": 43139349225.15478, "btc_dominance": 56.20479687389292, "eth_dominance": 9.59610732261175, "mcap_change_24h": 0.774098215661917, "active_cryptos": 17505}