{"total_mcap": 2300046860794.358, "total_volume": 63883815076.95552, "btc_dominance": 56.73355209865774, "eth_dominance": 9.882698561750217, "mcap_change_24h": -0.2939101080683945, "active_cryptos": 17790}