{"total_mcap": 2294781974789.61, "total_volume": 42175403037.50085, "btc_dominance": 56.2291863341002, "eth_dominance": 9.59677003875912, "mcap_change_24h": 0.7009096539510251, "active_cryptos": 17505}