{"total_mcap": 2299383073120.4507, "total_volume": 63530211210.32873, "btc_dominance": 56.690854214655516, "eth_dominance": 9.892753643079788, "mcap_change_24h": -1.1264840001014116, "active_cryptos": 17790}